type,x,y,energy,energy_dir
cell,-3,0,0.470263,0
cell,-10,0,0.488948,0
cell,-11,0,0.425697,0
cell,-8,0,0.420631,0
cell,-6,0,0.453166,0
cell,-4,0,0.477292,0
cell,0,0,0.429497,0
cell,-16,0,2.98758,0
cell,-5,0,0.467994,0
cell,-15,0,0.444174,0
cell,-2,0,0.420817,0
cell,-12,0,0.401661,0
cell,-13,0,0.40555,0
cell,-14,0,0.40688,0
cell,-1,0,0.457397,0
cell,-7,0,0.437894,0
cell,-9,0,0.404571,0
food,2,2,5,
food,-2,-2,5,
